Junta Departamental,Tiene WEB,Link de la web,Dirección ,Teléfono 1,Telefono 2 ,Email,Plenarios,Hora Plenario,Local propio,Tiene barras,Facebook,Twitter,Reglamento de sesiones ,Contadores,Cantidad de funcionarios de la JD (NÚMERO),Presupuesto LINK,Comisión 1,Comisión 2,Comisión 3,Comisión 4,Comisión 5,Comisión 6,Comisión 7,Comisión 8,Comisión 9,Comisión 10,Comisión 11,Comisión 12,Comisión 13,Comisión 14,Comisión 15,Comisión 16,Comisión 17,Comisión 18,Comisión 19,Comisión 20,Población ,Ciudad Capital,Área (en km2),Intendente,Partido del Intendente,Descripción Estadistica de OPP,Link del perfil del depto en el observatorio de OPP,Transmite sesiones en medios locales,Por que medios,Legislatura,Período ,Presidente,Vice-Presidente,Segundo Vice-Presidente,Secretario General,Abogados,¿Cuantos?,Escala de salario de funcionarios LINK
Artigas,NO,,Cnel. Carlos Lecueder 510,4772 4833,,juntadeartigas@gmail.com,1er - 2do y 3er jueves de cada mes,20.30,Si,Si,No,No,,1,19,,Legislación,Hacienda,Equidad,Asuntos laborales,Obras,Tierras,Cultura,Agroindustria,,,,,,,,,,,,,73.377,Artigas,11.928,Pablo Caram,Partido Nacional,"El departamento de Artigas cuenta con una población de 73.377 habitantes según datos del Censo 2011. El 95 -2% de la población es urbana - siendo uno de los departamentos con mayor porcentaje en este indicador. La tasa de crecimiento de la población muestra cifras negativas en el último período intercensal (2004-2011). Es el departamento con mayor porcentaje de afrodescendientes - quienes representan el 13 -5% de sus residentes.

El 9 -5% de los hogares de Artigas se encuentra debajo de la línea de pobreza según datos de la Encuesta Continua de Hogares de 2016 - el promedio nacional es de 6 -2%. Artigas es el segundo departamento con mayor proporción de hogares en situación de pobreza - el departamento había mantenido una tendencia a la baja desde el 2011 pero los datos de 2016 revierten esta situación. Según datos del Censo 2011 - el 54 -4% de las personas tiene al menos una Necesidad Básica Insatisfecha (NBI) - lo que lo posiciona como el departamento con mayor porcentaje en el país.",http://www.otu.opp.gub.uy/perfiles/artigas,No,,2015-2020,2017-2018,Rosana Caraballo,Federico Ferreira,Francisco Bandera,Puesto VACANTE,Si,1,
Canelones,Si,http://www.juntadecanelones.gub.uy/canelones/,Luis Alberto de Herrera,4332 2420,,juntacan@juntadecanelones.gub.uy,1er y 3er viernes de cada mes,18.00,Si,Si,https://www.facebook.com/JuntaCanelones/,No,http://www.juntadecanelones.gub.uy/canelones/Documentos/Reglamento-Interno,1,88,http://www.juntadecanelones.gub.uy/canelones/Portals/0/Documentos/QUINQUENAL2016-2020.pdf,Asuntos internos - cuestiones de orden y servicios,Obras publicas - comunicaciones - tránsito,Subsistencias - Higiene y Salud Pública. (Salud Pública.- Higiene.- Asistencia Médica.- Profilaxis de Enfermedades Sociales.- Salubridad).-,Asuntos Rurales. (Fomento de la Producción - Cooperativismo Rural - Mercados y Abasto).-,Urbanismo - Nomenclátor y Vivienda. (Fraccionamientos de predios.- Exoneración de Retiros.- Salidas del Dominio Municipal.- Urbanización.- Distribución de la Población.- Régimen Legal de Propiedad de las Tierras - Nomenclatura),Industria y Turismo. (Fomento de desarrollo industrial - Parques Industriales - Comercio - Cooperativismo Industrial y Artesanal - Desarrollo de la infraestructura turística y difusión de la oferta).-, Educación - cultura y deporte,Área Metropolitana,Medio Ambiente. (Ordenanza Contralor de Aire - Agua y Tierra.- Zona para instalación de Parques Industriales - Reserva de Flora y Fauna - Guardia Forestal).-,Asuntos Sociales. (Derechos Humanos.- Problemática de la Familia.- Condición de la Mujer.- Minoridad.- Juventud.- Tercera Edad y personas con capacidad diferente).-,Descentralización - Participación y Formación Ciudadana.,Recuperacion de la memoria desde el año 1968 a 1975,Genero y Equidad,Integracion regional,,,,,,,520.173,Canelones,4.536,Yamandu Orsi,Frente Amplio,"El departamento de Canelones cuenta con una población de 520.173 habitantes según datos del Censo 2011 - el 90 -7% de su población es urbana. La tasa de crecimiento de población muestra cifras positivas en el último período intercensal (2004-2011). La población afrodescendiente representa el 4 -1% de sus residentes.

El 4 -4% de los hogares de Canelones se encuentra debajo de la línea de pobreza según datos de la Encuesta Continua de Hogares de 2016 - el promedio nacional es de 6 -2%.",http://otu.opp.gub.uy/perfiles/canelones,No,,2015-2020,2017-2018,Eduardo Molinari,Sergio Cáceres,,Agustin Mazzini,Si,3,http://www.juntadecanelones.gub.uy/canelones/Portals/0/Documentos/QUINQUENAL2016-2020.pdf
Cerro Largo,Si,http://www.juntacerrolargo.gub.uy/,José Pedro Varela 725,4642 2283,4642 3471,presidencia@juntacerrolargo.gub.uy,Jueves - cada 15 días,19.00,Si,Si,No,No,http://www.juntacerrolargo.gub.uy/reglamentoint.html,1,13,,Educación - Cultura - Derechos Humanos y Nomenclatura,Asuntos Internos,Asuntos Internacionales y Corredor Bioceanico Central,Transito y Transporte,Salubridad - Higiene y Medio Ambiente,Legislación y Descentralización,Hacienda y Presupuesto,Políticas Sociales - Familia y Equidad de Género,Turismo - Deporte y Juventud,Urbanismo - Vivienda - Obras Públicas y Vialidad,Promoción - Agropecuaria - Produccón - Desarrollo - Inversión - Ciencia - Innovación y Técnologia,,,,,,,,,,84.698,Melo,13.648,Sergio Botana,Partido Nacional,"El departamento de Cerro Largo cuenta con una población de 84.698 habitantes según datos del Censo 2011 - el 93% de la población es urbana. La tasa de crecimiento de la población muestra cifras negativas en el último período intercensal (2004-2011). Es uno de los departamentos con mayor porcentaje de afrodescendientes - quienes representan el 7 -5% de sus residentes.

El 7 -5% de los hogares de Cerro Largo se encuentra debajo de la línea de pobreza según datos de la Encuesta Continua de Hogares de 2016 - el promedio nacional es de 6 -2%. Cerro Largo se encuentra entre los seis departamentos con mayor proporción de hogares en situación de pobreza - sin embargo - si se analizan los datos de los últimos seis años - el nivel de pobreza se ha reducido a la mitad. Según datos del Censo 2011 - el 44 -8% de las personas tiene al menos una Necesidad Básica Insatisfecha (NBI) - lo que lo posiciona como uno de los cinco departamentos con mayor porcentaje del país.",http://otu.opp.gub.uy/perfiles/cerro-largo,No,,2015-2020,2017-2018,Ignacio Ubilla,Washington Larrosa,,Sr. Nery De Moura,Si,1,
Colonia,Si,https://www.juntacolonia.gub.uy/,Rivadavia y Alberto Méndez, 4522 2195,,juntacol@adinet.com.uy,Viernes - sin periodicidad definida,20.00,Si,Si,No,https://twitter.com/JuntaDColonia,https://www.juntacolonia.gub.uy/index.php/institucional/reglamento-interno,1,16,https://www.juntacolonia.gub.uy/index.php/template/presupuestos/junta-departamental,Asist. Social - As. Laborales - DD. HH. y Gén. y Eq.,Asuntos internos y cuentas,COnsumo higiene y medio ambiente,Cultura - deporte y juventud,Ganaderia - agricultura y pesca ,Hacienda,Legislacion y Règimenes,Obras publicas,Transito y transporte,turismo y asuntos economicos,,,,,,,,,,,123203,Colonia,6106,Carlos Moreira,Partido Nacional,"El departamento de Colonia cuenta con una población de 123.203 habitantes según datos del Censo 2011 - el 90 -7% de la población es urbana. La tasa de crecimiento de la población muestra cifras positivas en el último período intercensal (2004-2011). Es el departamento con menor porcentaje de afrodescendientes - quienes representan el 1 -5% de sus residentes.

El 2 -8% de los hogares de Colonia se encuentra debajo de la línea de pobreza según datos de la Encuesta Continua de Hogares de 2016 - el promedio nacional es de 6 -2%. Colonia se encuentra entre los cinco departamentos con menor proporción de hogares en situación de pobreza. Según datos del Censo 2011 - el 30 -3% de las personas tiene al menos una Necesidad Básica Insatisfecha (NBI) - lo que lo posiciona como uno de los departamentos con menor porcentaje en el país.",http://otu.opp.gub.uy/perfiles/colonia,No,,2015-2020,2017-2018,Emilio Della Santa,Mónica Wibmer,Rodolfo Montaña,Claudia Maciel Raimondo,No,0,https://www.juntacolonia.gub.uy/index.php/2013-06-10-18-36-05/2014-02-11-15-39-39/remuneraciones-funcionarios
Durazno,Si,http://www.juntadedurazno.gub.uy/,Luis Alberto de Herrera 880,4362 2630,4362 4778,secretariageneral@juntadedurazno.gub.uy,Viernes,19.30,Si,Sí,No,No,http://juntadedurazno.gub.uy/files/1413/9663/9202/REGLAMENTO_INTERNO_JUNTA_DEPARTAMENTAL.pdf,1,23,http://juntadedurazno.gub.uy/legislacion/presupuesto-junta-2015-2020/,Turismo - Deporte y Juventud,Transito y Transporte,Seguimiento,Salud ,Obras Publicas y Nomenclator,Medioambiente,Legislacion y Apelaciones,Industria - comercio e intergracion regional,Hacienda - presupuesto y cuentas,Ganaderia,Fraccionamiento,Equidad y genero,Derechos Humanos y As. Laborales,Educacion y Cultura,Asuntos Internos y Reglamentos,,,,,,57084,Durazno,11643,Carmelo Vidalin,Partido Nacional,"El departamento de Durazno cuenta con una población de 57.084 habitantes según datos del Censo 2011 - el 91 -3% de la población es urbana. La tasa de crecimiento de la población muestra cifras negativas en el último período intercensal (2004-2011). La población afrodescendiente representa el 4% de sus residentes.

El 5 -6% de los hogares de Durazno se encuentra debajo de la línea de pobreza según datos de la Encuesta Continua de Hogares de 2016 - el promedio nacional es de 6 -2%. Según datos del Censo 2011 - el 42% de las personas tiene al menos una Necesidad Básica Insatisfecha (NBI) - lo que lo posiciona como uno de los seis departamentos con mayor porcentaje en el país.

En relación a los servicios básicos de los hogares - el 39 -3% carece de conexión a red general en la evacuación del sistema sanitario. El 1 -8% de los hogares no tiene energía eléctrica para iluminar. Por otro lado - el 9 -2% de los hogares no tiene conexión a la red de distribución general que garantice el acceso al servicio de agua potable para beber o cocinar.

El 2 -2% de la población mayor de 15 años de Durazno es analfabeta - esta proporción se encuentra por el encima del promedio nacional según cifras de 2016. El 12 -3% de la población entre 25 y 65 años tiene estudios terciarios - este porcentaje es el doble en las mujeres que en los hombres (16 -5% y 7 -9% respectivamente). El promedio de años de educación de las personas de 25 años y más es de 8 años - siendo uno de los seis departamentos más bajos del país - Montevideo lidera este indicador con 10 -5 años.

Los indicadores del mercado laboral del departamento de Durazno en el 2016 muestran una situación más desfavorable en relación al promedio nacional - menor nivel de actividad - menor empleo y la mayor tasa de desempleo del país con 14 de cada 100 mujeres desocupadas. Por otro lado - en términos de informalidad - el 30 -5% de las personas ocupadas no hacen aportes a la seguridad social.

Durazno contribuye un 1 -4% al PIB nacional (2011). Si se analiza la estructura productiva - Durazno presenta una especialización en el sector primario (31 -5%) - tiene un desarrollo industrial y de servicios por debajo de la media.

En la dimensión tecnológica Durazno presenta cierto rezago. El 43 -7% de los hogares del departamento tienen conexión a internet mientras que el promedio nacional asciende a 62%. En el caso de la tenencia de computadoras o laptops - el 63 -9% de los hogares de Durazno tienen computadoras en relación al 70% de los hogares del total país.

En términos de seguridad ciudadana - Durazno presenta una situación más favorable que el promedio nacional en la tasa de homicidios en 2016 con 5 -1 cada 100.000 habitantes - la mortalidad por siniestros de tránsito es levemente mayor que el promedio (15 -3 cada 100.000 habitantes).",http://otu.opp.gub.uy/perfiles/durazno,No,,2015-2020,2017-2018,Felipe Algorta,Daniela Barragan,Mario Monson,Caterina Barrios,Si,2,
Flores,Si,http://www.juntadeflores.gub.uy/,Stma. Trinidad 585,43642553,4364 3865,info@juntadeflores.gub.uy | jdflores@adinet.com.uy,2do y 4to lunes de cada mes,20.00,No,Si,No,No,,1,14,,Legislacion,Hacienda,Obras y Nomenclator,Asuntos Internos,Presupuesto,Transito,Cultura,Deporte - salud -Equidad y genero,Desarrollo -Turismo y medio ambiente,Agroindustria,Asuntos laborales,Corredor bioceanico central,Salud - Equidad y Género y Adulto Mayor,,,,,,,,25050,Trinidad,5144,Fernando Echeverria,Partido Nacional,"El departamento de Flores cuenta con una población de 25.050 habitantes según datos del Censo 2011 - el 91 -7% de la población es urbana. La tasa de crecimiento de la población no muestra variaciones en el último período intercensal (2004-2011). La población afrodescendiente representa el 2 -3% de sus residentes.

El 2 -3% de los hogares de Flores se encuentra debajo de la línea de pobreza según datos de la Encuesta Continua de Hogares de 2016 - el promedio nacional es de 6 -2% - el nivel de pobreza ha tenido una tendencia a la baja pero el último año presentó un leve crecimiento. Según datos del Censo 2011 - el 28 -6% de las personas tiene al menos una Necesidad Básica Insatisfecha (NBI) - lo que lo posiciona como el segundo departamento con menor porcentaje en el país.
",http://otu.opp.gub.uy/perfiles/flores,No,,2015-2020,2017-2018,Horacio Domínguez,Jorge López,Eduardo Fernández,Lea Danys Calero Cabrera,Si,1,
Florida,Si,http://www.juntaflorida.gub.uy/,José Enrique Rodó 3545,4352 3400,4352 3034,info@juntaflorida.gub.uy,1er y 3er viernes de cada mes,20.00,Si,Si,No,No,http://www.juntaflorida.gub.uy/index.php?option=com_content&view=article&id=4&Itemid=194,2,35,http://www.juntaflorida.gub.uy/index.php?option=com_content&view=article&id=5007:presupuesto-2015-2020&catid=242&Itemid=213,Asuntos Internacionales,Condicion de la mujer,Derechos Humanos y Desarrollo Social,Desarrollo Productivo y Area Metropolitana,Cultura - Deporte - Turismo y Juventud,Descentralizacion ,Hacienda - presupuesto y peticiones,Legislacion - Administracion - Asuntos Internos y Nomenclator,Obras - servicios publicos y propiedades municipales,Salud y medioambiente,,,,,,,,,,,67047,Florida,10417,Carlos Enciso,Partido Nacional ,"El departamento de Florida cuenta con una población de 67.047 habitantes según datos del Censo 2011. Es uno de los departamentos con mayor proporción de población en zonas rurales - el 86 -4% de la población es urbana. La tasa de crecimiento de la población muestra cifras negativas en el último período intercensal (2004-2011). La población afrodescendiente representa el 2 -6% de sus residentes.

El 3 -5% de los hogares de Florida se encuentra debajo de la línea de pobreza según datos de la Encuesta Continua de Hogares de 2016 - el promedio nacional es de 6 -2%. Según datos del Censo 2011 - el 32 -2% de las personas tiene al menos una Necesidad Básica Insatisfecha (NBI) - lo que lo posiciona como uno de los departamentos con menores porcentajes en el país.",http://otu.opp.gub.uy/perfiles/florida,No,,2015-2020,2017-2018,Fabricio Falero,Martín Brescia,Mauricio Rodríguez,Marcos Pérez Machado,Si,2,http://www.juntaflorida.gub.uy/index.php?option=com_content&view=article&id=4573&Itemid=254
Lavalleja,Si,http://www.jdl.uy/,José Batlle y Ordóñez 546,4442 2202,4442 5571,juntalav@adinet.com.uy,Miércoles - cada 15 días,19.30,No,Si,No,No,http://www.jdl.uy/index.php/normativas/reglamento-interno-de-la-junta-departamental,1,15,,Presupuesto,Vialidad - urbanismo y fraccionamiento,Transito y transporte,Educación y cultura,Nomenclator,Legislación y turno,Desarrollo y Medio Ambiente,Asuntos Sociales,Deporte y juventud,Recepción,Reglamento,Provisora para organización de Seminario,,,,,,,,,58.815,Minas,10.016,Adriana Peña,Partido Nacional,"El departamento de Lavalleja cuenta con una población de 58.815 habitantes según datos del Censo 2011. Es uno de los departamentos con mayor proporción de población en zonas rurales - el 89 -7% de la población es urbana. La tasa de crecimiento de la población muestra cifras negativas en el último período intercensal (2004-2011). La población afrodescendiente representa el 2 -4% de sus residentes.

El 5 -4% de los hogares de Lavalleja se encuentra debajo de la línea de pobreza según datos de la Encuesta Continua de Hogares de 2016 - el promedio nacional es de 6 -2%. Según datos del Censo 2011 - el 33 -6% de las personas tiene al menos una Necesidad Básica Insatisfecha (NBI) - lo que lo posiciona como uno de los seis departamentos con menores porcentajes en el país.",http://otu.opp.gub.uy/perfiles/lavalleja,Si,Minas Cable Visión y Vivo Cable Color,2015-2020,2017-2018,Marcelo Rodríguez,Gabriela Umpiérrez,María Olmedo,Susana Balduini Villar,Si,1,
Maldonado,Si,http://www.juntamaldonado.gub.uy/,18 de julio 547,42223530,42228468,junta@juntamaldonado.gub.uy,Todos los martes,20.30,Si,Sí,https://www.facebook.com/juntamaldonado/,No,http://www.juntamaldonado.gub.uy/index.php/plenario/reglamento.html,1,75,http://www.juntamaldonado.gub.uy/index.php/financiero-contable/presupuesto-vigente/1957-presupuesto-2016-2020.html,Legislación,Obras públicas,Presupuesto,Planeamiento,Turismo,Nomenclatura y tránsito,Ganadería - agricultura y pesca y trabajo,Género y equidad,Derechos humanos y s. ciudadana,Descentralización,Deporte y juvenutd,Medio ambiente,Vivienda y asentamientos,Cultura,Higiene y salud,Reglamento,Asuntos internos,,,,164298,Maldonado,4793,Enrique Antía,Partido Nacional,El 2 -6% de los hogares de Río Negro se encuentra debajo de la línea de pobreza según datos de la Encuesta Continua de Hogares de 2016 - el promedio nacional es de 6 -2%. Según datos del Censo 2011 - el 38 -9% de las personas tiene al menos una Necesidad Básica Insatisfecha (NBI) - proporción mayor al promedio nacional.,http://otu.opp.gub.uy/perfiles/maldonado,SI,https://www.youtube.com/channel/UCm2jOPeQ9Jxvk3BcppHoUgQ,2015-2020,2017-2018,Rodrigo Blás,José Hualde,Stephanie Braga,Nelly Pietracaprina,Si,1,http://www.juntamaldonado.gub.uy/index.php/financiero-contable/tabla-de-sueldos.html
Montevideo,Si,http://www.juntamvd.gub.uy,25 de Mayo 629 ,29152126,,junta@juntamvd.gub.uy,Todos los jueves,16.00,No,Si,https://www.facebook.com/Junta-Departamental-de-Montevideo-1563662050602308/,https://twitter.com/juntamvd,,3,157,,ÁREA METROPOLITANA,ASENTAMIENTOS,ASUNTOS INTERNOS,CULTURA,DERECHOS HUMANOS Y DESARROLLO SOCIAL,DESARROLLO ECONÓMICO - RELACIONES - COOPERACIÓN E INTEGRACIÓN REGIONAL,DESCONCENTRACIÓN - DESCENTRALIZACIÓN Y PARTICIPACIÓN VECINAL,EQUIDAD Y GÉNERO,HACIENDA Y CUENTAS,LEGISLACIÓN Y APELACIONES,MEDIO AMBIENTE Y SALUD,MOVILIDAD URBANA,NOMENCLATURA,PLANEAMIENTO URBANO - VIVIENDA - OBRAS Y SERVICIOS,PRESUPUESTO,TURISMO Y DEPORTE,,,,,1.318.755,Montevideo,530,Daniel Martínez,Frente Amplio,"El departamento de Montevideo cuenta con una población de 1.318.755 habitantes según datos del Censo 2011. Es el departamento con mayor proporción de población en zonas urbanas - el 98 -9% de su población es urbana. La tasa de crecimiento de la población muestra cifras negativas en el último período intercensal (2004-2011). La población afrodescendiente representa el 4 -8% de sus residentes.

El 8 -3% de los hogares de Montevideo se encuentra debajo de la línea de pobreza según datos de la Encuesta Continua de Hogares de 2016 - es el cuarto departamento con mayor proporción de hogares en situación de pobreza - el promedio nacional es de 6 -2%. Según datos del Censo 2011 - el 26 -8% de las personas tiene al menos una Necesidad Básica Insatisfecha (NBI) - es el departamento con menor proporción de personas con al menos una NBI.",http://otu.opp.gub.uy/perfiles/montevideo,No,,2015-2020,2017-2018,Graciela Villar,Miguel Velázquez,Gastón Arias,Carlos Otero,Si,5,
Paysandú,Si,http://www.juntadepaysandu.gub.uy/,Zorrilla de San Martín y Sarandí - Paysandú,47222257,,juntadp@adinet.com.uy,Jueves o viernes - cada 15 días,20.00,Si,Sí,No,https://twitter.com/JD_paysandu,http://www.juntadepaysandu.gub.uy/Institucional/normativas/ReglamentoInterno.pdf,0,25,,Legislación y apelaciones,Hacienda y cuentas ,Presupuesto,Asuntos internos y RRPP,Higiene y medio ambiente,Asuntos laborales y seguridad social,Cultura,Descentralizacion - integracion y desarrollo,Obras y servicios,Promocion Social,Transito - transporte y nomenclator,Turismo,Deportes y juventud,DDHH - equidad y genero,Cuerpo deliberante del Río Uruguay,Comision especial de revision del plan urbanistico,Comision especial de prevencion del suicidio,Comision investigadora plan Quebracho,Comision investigadora CAIF,Comision investigadora Presupuesto Participativo,113.107,Paysandú,13.922,Guillermo Caraballo,Frente Amplio,"El departamento de Paysandú cuenta con una población de 113.107 habitantes según datos del Censo 2011. Es uno de los departamentos con mayor proporción de población en zonas urbanas - el 96 -1% de la población es urbana. La tasa de crecimiento de la población no muestra variaciones en el último período intercensal (2004-2011). La población afrodescendiente representa el 2 -9% de sus residentes.

El 4 -6% de los hogares de Paysandú se encuentra debajo de la línea de pobreza según datos de la Encuesta Continua de Hogares de 2016 - el promedio nacional es de 6 -2%. Según datos del Censo 2011 - el 41 -4% de las personas tiene al menos una Necesidad Básica Insatisfecha (NBI).",http://otu.opp.gub.uy/perfiles/paysandu,SI,Radio felicidad 1420 AM,2015-2020,2017-2018,Ricardo Ambroa,Enzo Manfredi,Edgrardo Quequin,Graciela Inthamoussu,No,0,
Río Negro,Si,http://www.juntarionegro.gub.uy/,18 de Julio 1181,45622257,45621027,contacto@juntarionegro.gub.uy,2do y 4to viernes de cada mes,20.00 (desde 1/4 a 15/9) y 21.00 (desde 16/9 a 31/3),No,Sí,No,No,http://www.juntarionegro.gub.uy/Organizacion/indexOrganizacion.html,1,14,,Comisión de Asistencia Social,Comisión de Asuntos Internos,Comisión de Cultura - Deporte y Juventud,Comisión de Derechos Humanos,Comisión de Desarrollo,Comisión de Equidad y Género,Comisión de Hacienda,Comisión de Legislación,Comisión de Mercosur y Asuntos Internacionales,Comisión de Nomenclátor,Comisión de Obras Municipales,Comisión Preservación del Medio Ambiente,Comision de Presupuesto,Comision de Puerto,Comisión de Tránsito y Transporte,Comision de Turismo,Comisión de Descentralización,,,,54.765,Fray Bentos,9.282,Oscar Julio Terzaghi,Frente Amplio,El departamento de Río Negro cuenta con una población de 54.765 habitantes según datos del Censo 2011 - el 90 -5% de la población es urbana. La tasa de crecimiento de la población muestra cifras positivas en el último período intercensal (2004-2011). La población afrodescendiente representa el 3 -8% de sus residentes. El 2 -6% de los hogares de Río Negro se encuentra debajo de la línea de pobreza según datos de la Encuesta Continua de Hogares de 2016 - el promedio nacional es de 6 -2%. Según datos del Censo 2011 - el 38 -9% de las personas tiene al menos una Necesidad Básica Insatisfecha (NBI) - proporción mayor al promedio nacional.,http://otu.opp.gub.uy/perfiles/rio-negro,No,,2015-2020,2017-2018,Edison Krasovski,Fernando Quintana,Daniel Porro,Laura Vittori,Si,1,
Rivera,Si,http://www.juntaderivera.gub.uy/,Artigas 1025,46223215,46225850,contacto@juntaderivera.gub.uy,Todos los miércoles,19.00,Si,Sí,https://www.facebook.com/juntaderivera2017/,,http://c0050450.ferozo.com/wp-content/uploads/2017/03/REGLAMENTO-INTERNO.pdf,1,25,,Comisión de Legislación,Comisión de Hacienda y Presupuesto,Comisión de vialidad y obras públicas,Comisión de Seguridad Pública y Derechos Humanos,Comisión de Salud - Higiene y Medio Ambiente,Comisión de Tránsito y Transporte,Comisión de Desarrollo - Asuntos Agropecuarios y Comercio,Comisión de Asuntos Internacionales y Políticas de Frontera,Comisión de Educación y Cultura,Comisión de Descentralización - Municipios y Juntas Locales,Comisión de Asuntos Internos y Administrativos,Comisión de Deporte,Comisión de Asuntos Laborales,Comisión de Equidad y Género,Comisión de Nomenclatura,Comisión de Turismo,,,,,103.473,Rivera,9.370,Marne Osorio,Partido Colorado ,"El departamento de Rivera cuenta con una población de 103.473 habitantes según datos del Censo 2011 - el 92 -7% de la población es urbana. La tasa de crecimiento de la población muestra cifras negativas en el último período intercensal (2004-2011). Es el segundo departamento con mayor porcentaje de afrodescendientes - representando el 12% de sus residentes.

El 11 -7% de los hogares de Rivera se encuentra debajo de la línea de pobreza según datos de la Encuesta Continua de Hogares de 2016 - es el departamento con mayor proporción de hogares pobres en el país - el promedio nacional es de 6 -2%. Según datos del Censo 2011 - el 45 -4% de las personas tiene al menos una Necesidad Básica Insatisfecha (NBI) - proporción significativamente mayor al promedio nacional.",http://otu.opp.gub.uy/perfiles/rivera,Si,FM Del Cerro,2015-2020,2017-2018,José Luis Pereira,Ramón Román Taroco,Gabriel Morales,Abilio Briz Lucas,Si,2,
Rocha,Si,http://www.juntarocha.gub.uy/,Lavalleja Nº 89,4472 2473,,junta.dep.rocha@gmail.com,Todos los martes,20.00,Si,Si,No,No,http://www.juntarocha.gub.uy/reglamentacion.php,1,12,,Asuntos internos,Asuntos laborales,Legislación y reglamento A,Legislación y reglamento B,Cultura,Hacienda y presupuesto,Deportes,Equidad y género,Medio ambiente,Asuntos marítimos,Derechos humanos,Fomento de la producción,Nomenclator,Vivienda,Obras públicas,Asuntos internacionales,Tránsito y transporte,Desarrollo social y salud,Seguridad ciudadana,Turismo,68.088,Rocha,10.551,Aníbal Pereyra,Frente Amplio,"El departamento de Rocha cuenta con una población de 68.088 habitantes según datos del Censo 2011 - el 93 -9% de la población es urbana. La tasa de crecimiento de la población muestra cifras negativas en el último período intercensal (2004-2011). La población afrodescendiente representa el 4 -6% de sus residentes.

El 4 -8% de los hogares de Rocha se encuentra debajo de la línea de pobreza según datos de la Encuesta Continua de Hogares de 2016 - el promedio nacional es de 6 -2%. Según datos del Censo 2011 - el 35% de las personas tiene al menos una Necesidad Básica Insatisfecha (NBI) - proporción levemente mayor al promedio nacional.",http://www.otu.opp.gub.uy/perfiles/rocha,No,,2015-2020,2017-2018,Federico Amarilla,Mario Sacia,Gabriel Correa,Mario Barboza,Si,1,
Salto,Si,http://www.juntadesalto.gub.uy/,Uruguay 1324,47332346,,jdsalto@adinet.com.uy,1er y 3er jueves de cada mes,20.00,Si,Sí,https://www.facebook.com/juntadesalto/,No,http://juntadesalto.gub.uy/reglamento-interno/,0,28,,Legislación y reglamento,Asuntos internos,Hacienda y presupuesto,Obras - Plan Director y Vivienda,Cultura,Tránsito y transporte,Nomeclatura,Salud - higiene y medio ambiente,Desarrollo departamental y descentralización,Deportes y juventud,Turismo y trabajo,Derechos humanos - desarrollo social y género,,,,,,,,,124861,Salto,14163,Andrés Lima,Frente Amplio,"El departamento de Salto cuenta con una población de 124.861 habitantes según datos del Censo 2011 - el 93 -7% de la población es urbana. La tasa de crecimiento de la población muestra cifras positivas en el último período intercensal (2004-2011). La población afrodescendiente representa el 7% de sus residentes mientas que la indígena el 4 -7%.

El 3 -6% de los hogares de Salto se encuentra debajo de la línea de pobreza según datos de la Encuesta Continua de Hogares de 2016 - el promedio nacional es de 6 -2%. Según datos del Censo 2011 - el 49 -4% de las personas tiene al menos una Necesidad Básica Insatisfecha (NBI) - lo que lo posiciona como el segundo departamento con la proporción más alta de personas con NBI.",http://otu.opp.gub.uy/perfiles/salto,No,,2015-2020,2017-2018,José Alberto Villas Boas,María de los Ángeles Márquez,Alberto Subí,Manuel María Barreiro ,Si,1,
San José,Si,http://www.juntasanjose.gub.uy/portal/index.php,Dr. Evaristo Ciganda 679,4342 2043,,junta@juntasanjose.gub.uy,1er y 3er lunes de cada mes,20.30,Si,Sí,No,No,http://juntasanjose.gub.uy/portal/index.php?option=com_content&view=article&id=45&Itemid=48,1,17,http://juntasanjose.gub.uy/portal/index.php?option=com_content&view=article&id=68&Itemid=66,Legislación y asuntos laborales,Asuntos internos y relaciones públicas,Derechos Humanos - educación y cultura,Descentralización - desarrollo y agro,Presupuesto y asuntos financieros,Obras y servicios públicos,Higiene - salud y medioambiente,División de tierras y nomenclatura,Turismo y deportes,Área metropolitana,,,,,,,,,,,108.304,San José de Mayo,4.992,José Luis Falero,Partido Nacional,"El departamento de San José cuenta con una población de 108.304 habitantes según datos del Censo 2011. Es el departamento con mayor proporción de población en zonas rurales - el 84 -8% de la población es urbana. La tasa de crecimiento de la población muestra cifras positivas en el último período intercensal (2004-2011). La población afrodescendiente representa el 3 -2% de sus residentes.

El 1 -5% de los hogares de San José se encuentra debajo de la línea de pobreza según datos de la Encuesta Continua de Hogares de 2016 - es el departamento con menor proporción de hogares pobres - el promedio nacional es de 6 -2%. Según datos del Censo 2011 - el 35 -7% de las personas tiene al menos una Necesidad Básica Insatisfecha (NBI).",http://www.otu.opp.gub.uy/perfiles/san-jose,No,,2015-2020,2017-2018,Danilo Vassallo,Mirta Serena,Susana Gasperi,Andrés Pintaluba Benavente,No,0,
Soriano,Si,http://www.juntasoriano.gub.uy/,Eugenio Giménez s/n,45324632,45322206,juntasor@adinet.com.uy,Lunes - cada 15 días,20.00 (desde 16/3 a 15/10) y 21.00 (desde 16/10 a 15/3),No,Si,http://www.facebook.com/juntasoriano,https://twitter.com/JuntaSoriano,,1,15,,Asuntos Generales,Asuntos Internos,Ganadería - Agricultura e Industria,Vivienda y Ordenamiento Territorial,Obras Públicas y Comunicaciones,Legislación y Peticiones,Derechos Humanos,Turismo y Asuntos Regionales,Cultura y Deporte,Presupuesto y Agenda,Medio Ambiente,Comisión especial para elaborar una ordenanza de transporte departamental,,,,,,,,,82.594,Mercedes,9.008,Agustín Bascou,Partido Nacional,"El departamento de Soriano cuenta con una población de 82.594 habitantes según datos del Censo 2011 - el 92% de la población es urbana. La tasa de crecimiento de la población muestra cifras negativas en el último período intercensal (2004-2011). La población afrodescendiente representa el 1 -8% de sus residentes y la población indígena representa el 2 -6%; Soriano es el único departamento en el que la proporción de población indígena supera la afro.

El 3 -1% de los hogares de Soriano se encuentra debajo de la línea de pobreza según datos de la Encuesta Continua de Hogares de 2016 - el promedio nacional es de 6 -2%. Según datos del Censo 2011 - el 38 -9% de las personas tiene al menos una Necesidad Básica Insatisfecha (NBI).",http://www.otu.opp.gub.uy/perfiles/soriano,Si,"CV 10 - CX121 Difusora Soriano y Radio y https://www.youtube.com/channel/UCLN7Xj6TK_Vbu0TQSByOJaQ
Agraciada",2015-2020,2017-2018,Roque Maciel,Bettina Piñeyro,Juan Rey,Maria Mezzoni,No,0,
Tacuarembó,Si,https://juntatacuarembo.com.uy/jdt/,25 de Mayo 132,46324451,,legislativo@juntatacuarembo.com.uy,Jueves,21:00,Si,Sí,No,No,http://juntatacuarembo.com.uy/web/wp-content/uploads/2014/10/REGLAMENTO-JUNTA1.pdf,1,28,,LEGISLACIÓN - TRABAJO - REGLAMENTO Y ASUNTOS INTERNOS,FINANZAS Y PRESUPUESTO,TRANSPORTE - VIVIENDAS - OBRAS PÚBLICAS - ORDENAMIENTO TERRITORIAL Y MEDIO AMBIENTE,CULTURA - TURISMO - DEPORTES - GÉNERO - EQUIDAD Y DERECHOS HUMANOS,AGRO E INDUSTRIA Y BIENESTAR ANIMAL,SALUD - HIGIENE Y ALIMENTACIÓN,DESCONCENTRACIÓN Y DESCENTRALIZACIÓN,,,,,,,,,,,,,,90051,Tacuarembó,15438,Eber Da Rosa,Nacional,"El departamento de Tacuarembó cuenta con una población de 90.051 habitantes según datos del Censo 2011. Es uno de los departamentos con mayor proporción de población en zonas rurales - el 89 -3% de la población es urbana. La tasa de crecimiento de la población muestra cifras negativas en el último período intercensal (2004-2011). La población afrodescendiente representa el 6 -4% de sus residentes - mientras que la población indígena el 5 -7%; Tacuarembó es el departamento con mayor proporción de personas con ascendencia indígena.

El 8% de los hogares de Tacuarembó se encuentra debajo de la línea de pobreza según datos de la Encuesta Continua de Hogares de 2016 - es uno de los cinco departamentos con mayor porcentaje de hogares pobres - el promedio nacional es de 6 -2%. Según datos del Censo 2011 - el 45 -2% de las personas tiene al menos una Necesidad Básica Insatisfecha (NBI).",http://otu.opp.gub.uy/perfiles/tacuarembo,No,,2015-2020,2017-2018,Hugo Esteves,Celica Galarraga,Saulo Díaz,Juan Francisco Eustathiou,Si,1,
Treinta y Tres,Si,http://www.juntatreintaytres.uy/,Manuel Lavalleja 1146,4452 2046,,correo@juntatreintaytres.gub.uy,Miércoles - cada 15 días,20.30,No,Si,No,No,http://www.juntatreintaytres.uy/index.php/24-actualizaciones/escritos/43-rinterno,0,22,,Hacienda y presupuesto,Fsical,Obras públicas - acondicionamiento urbano y vialidad,Asuntos internos,Legislación,Actas,Cultura y deportes,Desarrollo económico - productivo y social,Derechos humanos,Derechos laborales,,,,,,,,,,,48134,Treinta y Tres,9529,Dardo Sánchez,Nacional,"El departamento de Treinta y Tres cuenta con una población de 48.134 habitantes según datos del Censo 2011 - el 93 -4% de la población es urbana. La tasa de crecimiento de la población muestra cifras negativas en el último período intercensal (2004-2011). La población afrodescendiente representa el 5% de sus residentes.

El 8 -8% de los hogares de Treinta y Tres se encuentra debajo de la línea de pobreza según datos de la Encuesta Continua de Hogares de 2016 - es uno de los departamentos con mayor porcentaje de hogares pobres - el promedio nacional es de 6 -2%. Según datos del Censo 2011 - el 41 -1% de las personas tiene al menos una Necesidad Básica Insatisfecha (NBI).",http://otu.opp.gub.uy/perfiles/treinta-y-tres,Si,Canal 11 de Treinta y Tres y Plaza Canal 4,2015-2020,2017-2018,Joaquin Rabelino,Fedra Cuello,Mario Portillo,Dardo Avila Recuero,Si,1,
